[
    {
        "code" : "GALR210214",
        "name" : "Gale Reef",
        "length" : "4 nights / 5 days",
        "start" : "2011-02-14T08:00:00Z",
        "resort" : "Emerald Bay, 3 Stars",
        "perPerson" : "799.00",
        "image" : "reef1.jpg",
        "description" : "<p>Gale Reef Sed et augue lorem. In sit amet placerat arcu. Mauris volutpat ipsum ac justo mollis vel vestibulum orci gravida. Vestibulum sit amet porttitor odio. Nulla facilisi. Fusce at pretium felis."
    },{ 
        "code" : "GDAWR210315",    
        "name" : "GDawson's Reef",
        "length" : "4 nights / 5 days",
        "start" : "2011-02-14T08:00:00Z",
        "resort" : "Blue Lagoon, 4 Stars",
        "perPerson" : "1199.00",
        "image" : "reef2.jpg",
        "description" : "<p>Dawson's Reef Integer magna leo, posuere et dignissim vitae, porttitor at odio. Pellentesque a metus nec magna placerat volutpat. Nunc nisi mi, elementum sit amet aliquet quis, tristique quis nisl. Curabitur odio lacus, blandit ut hendrerit"

    }, {
        "code" : "CLAR210621",
        "name" : "Claire's Reef",
        "length" : "4 nights / 5 days",
        "start" : "2011-02-14T08:00:00Z",
        "resort" : "Coral Sands, 5 Stars",
        "perPerson" : "1999.00",
        "image" : "reef3.jpg",
        "description" : "<p>Claire's reef Donec sed felis risus. Nulla facilisi. Donec a orci tellus, et auctor odio. Fusce ac orci nibh, quis semper arcu. Cras orci neque, euismod et accumsan ac, sagittis molestie lorem. Proin odio sapien, elementum at tempor non."
    }

]